ID,Name,Surname,BirthDate,Email,PhoneNumber,City,Country,Gender,EmploymentDate
1,Carla,Thompson,1996-12-06,carla.thompson@example.com,777.433.1469x5655,Lake Aliciaborough,Slovenia,F,2017-10-10
2,Tyler,Brooks,1990-07-08,tyler.brooks@example.com,855.964.9452,Andrestad,Dominica,F,2018-04-04
3,April,Robinson,2004-07-02,april.robinson@example.com,458.361.8907x50584,Sarahshire,Eritrea,F,2009-01-26
4,Nicholas,Lewis,1966-12-31,nicholas.lewis@example.com,001-379-845-2317x3031,Collinsfurt,Jersey,M,2011-11-11
5,William,Walker,2000-03-12,william.walker@example.com,+1-063-445-5222,Beasleyfort,Turkey,M,2006-06-18
6,Heather,Moss,1967-05-05,heather.moss@example.com,001-097-877-2298x83855,Port Jackhaven,Central African Republic,M,2014-01-31
7,Mary,May,1988-03-08,mary.may@example.com,001-060-184-5122x56139,West Maryport,Sao Tome and Principe,M,2004-06-29
8,Daniel,Turner,1969-09-07,daniel.turner@example.com,0744423352,Taylormouth,Benin,M,2012-07-09
9,Scott,Hinton,1967-03-02,scott.hinton@example.com,564-545-4434,East Melissa,Guinea-Bissau,M,2013-06-11
10,Julie,Washington,2000-05-10,julie.washington@example.com,(925)243-7895,Michelleborough,Mongolia,F,2021-04-26
11,John,Valenzuela,1957-12-23,john.valenzuela@example.com,+1-063-602-5927x16534,North Brittany,Wallis and Futuna,F,2018-03-14
12,Parker,Jones,1983-04-24,parker.jones@example.com,(636)098-6072x760,West Shannon,Hong Kong,M,2006-08-11
13,Robin,Zimmerman,1983-08-24,robin.zimmerman@example.com,001-141-548-2971,West Daniel,China,M,2014-09-30
14,Kimberly,Robertson,1992-12-28,kimberly.robertson@example.com,(696)278-8942,Port Stephanie,Northern Mariana Islands,M,2017-06-23
15,Donald,Carson,1968-06-04,donald.carson@example.com,(892)202-2503,Port Tracybury,Christmas Island,M,2006-08-09
16,Desiree,Lewis,2002-10-14,desiree.lewis@example.com,497-421-3092x44729,South Jimmyshire,Monaco,M,2005-04-06
17,Donald,Mitchell,1970-06-13,donald.mitchell@example.com,539-116-5321x929,Stevebury,Ghana,M,2008-07-27
18,Edwin,Long,2001-04-09,edwin.long@example.com,5523013348,Christopherton,Chad,M,2014-09-18
19,Bonnie,Castro,1996-12-07,bonnie.castro@example.com,682.882.4168,Lindsayport,French Guiana,F,2007-10-25
20,Jessica,Butler,1989-05-16,jessica.butler@example.com,293.270.3053x30493,North Spencer,Jordan,F,2009-08-21
21,Richard,Henson,1974-02-22,richard.henson@example.com,001-533-651-8540x707,East Michelle,Guyana,M,2022-06-09
22,Sarah,Reyes,1962-09-18,sarah.reyes@example.com,(810)359-3630x3349,Glassfort,El Salvador,M,2010-04-06
23,James,Ross,1973-12-25,james.ross@example.com,+1-282-070-5253x17131,Gabrielburgh,Botswana,F,2004-05-22
24,Joseph,Hernandez,1962-11-24,joseph.hernandez@example.com,+1-010-673-4114x14965,Larryton,Tunisia,F,2019-12-23
25,Aaron,Nichols,1980-02-20,aaron.nichols@example.com,001-800-785-9210x72752,Pamelatown,United States of America,M,2016-03-19
26,Jennifer,Chang,1960-05-28,jennifer.chang@example.com,+1-778-691-8193x322,Lake Thomas,Guinea,F,2020-04-11
27,Crystal,Brown,1977-11-17,crystal.brown@example.com,+1-546-375-9046x13163,South Sean,Algeria,M,2006-08-23
28,Jessica,Perkins,1982-01-11,jessica.perkins@example.com,052.576.3363x0742,New Latashaside,Denmark,M,2017-05-20
29,Lauren,Schneider,1979-11-08,lauren.schneider@example.com,001-764-848-0890x27476,South Amystad,Egypt,M,2019-04-06
30,Cheryl,Moreno,1983-02-04,cheryl.moreno@example.com,001-617-290-8058,Jonesshire,Sudan,F,2012-03-09
31,Patricia,Parker,1978-06-08,patricia.parker@example.com,001-067-756-7250x649,Lucasside,Mongolia,M,2023-06-14
32,Jacqueline,Johnson,2003-12-16,jacqueline.johnson@example.com,+1-209-984-6618x94622,West Kylechester,Congo,M,2006-03-22
33,Ryan,Parker,1964-08-24,ryan.parker@example.com,592.723.5515,Larsonshire,Oman,M,2022-11-18
34,Tony,Crawford,1999-07-21,tony.crawford@example.com,001-495-895-8789,North Kimberlymouth,Haiti,M,2018-01-26
35,Samuel,Smith,1995-01-04,samuel.smith@example.com,(639)541-1043x49455,Zacharyhaven,Lesotho,M,2010-10-31
36,Mark,Johnston,1964-05-13,mark.johnston@example.com,(930)477-9655x226,Lake Heatherfort,Thailand,F,2015-09-19
37,Corey,Smith,1961-05-29,corey.smith@example.com,(779)792-6004x57331,Lake Denisefurt,Mali,M,2021-11-25
38,Andres,Johnson,1964-06-09,andres.johnson@example.com,(730)291-8541x85764,North Davidmouth,Norway,F,2023-01-23
39,Justin,Reese,1963-03-16,justin.reese@example.com,037-769-9775x68046,South Erikshire,Mauritania,M,2008-04-20
40,Jennifer,Werner,1969-09-03,jennifer.werner@example.com,113.324.5152,Lake Micheal,Ukraine,M,2018-04-13
41,Rebecca,Douglas,1988-08-30,rebecca.douglas@example.com,(544)641-7586,Port David,Montenegro,M,2007-07-10
42,Cynthia,Lopez,1993-09-28,cynthia.lopez@example.com,309-210-3172,West Kyleville,Norway,F,2005-02-02
43,Andrew,Solis,1991-12-15,andrew.solis@example.com,539.761.9032,South Johnside,Thailand,M,2022-11-10
44,Christine,Green,1979-05-01,christine.green@example.com,915.360.3606x3307,South Kristin,Kenya,F,2018-02-03
45,Maria,Elliott,1960-11-07,maria.elliott@example.com,001-918-555-7876x1980,Lake Melissahaven,Angola,M,2009-06-07
46,Mary,Humphrey,1986-09-05,mary.humphrey@example.com,5485211667,South William,Ghana,F,2020-02-27
47,Jasmin,West,1966-02-01,jasmin.west@example.com,(412)546-0320x7151,South Sue,Falkland Islands (Malvinas),F,2019-09-08
48,Angel,Smith,1991-11-16,angel.smith@example.com,988-636-1748,Mistyland,Malaysia,M,2007-04-22
49,Andrea,Jones,1966-09-12,andrea.jones@example.com,001-430-517-6450x72505,South Brian,British Virgin Islands,F,2009-11-27
50,Michelle,Williams,1992-06-23,michelle.williams@example.com,699-172-4114x8701,Lake Matthewview,Liechtenstein,M,2004-04-19
51,Frederick,Oliver,1964-01-26,frederick.oliver@example.com,+1-553-027-3276x461,North Claudiachester,Iraq,M,2008-02-23
52,David,Mcintosh,1997-08-07,david.mcintosh@example.com,073.925.7113,Woodardmouth,United States Minor Outlying Islands,F,2021-03-01
53,John,Miller,1961-06-15,john.miller@example.com,001-509-890-3943x684,Staceymouth,Denmark,M,2016-11-18
54,Nicholas,Leach,1961-08-20,nicholas.leach@example.com,001-892-955-3245x918,North Angelaport,Russian Federation,M,2006-01-10
55,Joan,Luna,1971-06-08,joan.luna@example.com,3167426835,Manuelmouth,China,F,2015-10-06
56,Joel,Henson,1980-01-28,joel.henson@example.com,(421)969-0338x84266,Leslieborough,Seychelles,M,2019-11-29
57,Raymond,Anderson,1958-10-08,raymond.anderson@example.com,280-941-4211x766,Carrstad,French Southern Territories,M,2013-03-17
58,Samantha,Perry,1965-10-18,samantha.perry@example.com,001-226-490-7812x723,Dunnhaven,Canada,F,2005-04-04
59,Michael,Mitchell,1977-07-30,michael.mitchell@example.com,777-645-8388,Adriennefurt,Nepal,F,2023-08-03
60,Roger,Scott,1967-03-31,roger.scott@example.com,292.977.6851,Rachaeltown,Peru,M,2022-03-05
61,Sarah,Adkins,1996-10-30,sarah.adkins@example.com,001-352-155-5600x67920,Mcgrathfort,Costa Rica,M,2015-11-25
62,Whitney,Smith,1969-08-13,whitney.smith@example.com,8322236555,Melissaland,Guadeloupe,M,2020-08-24
63,Andrea,Martinez,2004-11-11,andrea.martinez@example.com,957.024.8794,Michaeltown,Denmark,M,2020-02-17
64,Philip,Garcia,1992-05-21,philip.garcia@example.com,+1-242-778-1320x13185,Leonardbury,Serbia,F,2020-10-08
65,Lauren,Lindsey,2000-07-19,lauren.lindsey@example.com,001-066-332-5615x6113,North Phyllishaven,Philippines,F,2021-05-06
66,Michael,Griffith,1968-11-26,michael.griffith@example.com,+1-634-148-3635x6047,New Christopherchester,Paraguay,F,2010-01-16
67,Kayla,Robinson,2001-07-17,kayla.robinson@example.com,599.185.3653,North Lawrence,Monaco,F,2023-06-18
68,Olivia,Gutierrez,1998-10-03,olivia.gutierrez@example.com,(666)475-1534x678,West Kari,Guinea-Bissau,M,2017-09-06
69,Lindsey,Chavez,1990-07-28,lindsey.chavez@example.com,+1-987-736-8870,South Kara,Dominica,F,2022-02-09
70,Steven,Morgan,1964-05-05,steven.morgan@example.com,711.930.5991,East Gary,Gabon,F,2018-12-03
71,Shawna,Moore,1990-12-19,shawna.moore@example.com,949-878-8624,Andreaview,Isle of Man,F,2016-11-12
72,Mark,Gallegos,2001-03-21,mark.gallegos@example.com,372.737.5880,Fullerstad,Vanuatu,M,2023-09-21
73,Patricia,Ross,1976-06-07,patricia.ross@example.com,(883)791-3657,Petersonberg,Nepal,F,2021-12-25
74,Debbie,Page,1995-07-06,debbie.page@example.com,(331)828-2139,Castillobury,Saint Martin,F,2005-10-22
75,Jennifer,Wyatt,1985-12-17,jennifer.wyatt@example.com,9790774377,Port Sarashire,Egypt,M,2014-08-21
76,Philip,Mcdaniel,1960-12-04,philip.mcdaniel@example.com,7017148727,South Brian,Uzbekistan,F,2014-04-06
77,Tyler,Sosa,1985-08-04,tyler.sosa@example.com,315-383-6279x826,New Leslieshire,Cayman Islands,M,2014-12-28
78,Gloria,Waters,1984-11-04,gloria.waters@example.com,380-751-7466,New Brittanyfort,Austria,F,2017-09-28
79,Adam,Lopez,1989-12-24,adam.lopez@example.com,304.033.8576x296,Kyleborough,Pitcairn Islands,M,2007-04-18
80,Melissa,Thomas,1975-05-19,melissa.thomas@example.com,001-321-817-5004x9675,Kingland,Montenegro,F,2012-10-22
81,Chad,Mcdaniel,1986-01-13,chad.mcdaniel@example.com,310.939.3850x53336,West Christopher,Lesotho,F,2016-01-24
82,James,Mullins,1966-03-01,james.mullins@example.com,840-754-5952,New Brandonstad,Azerbaijan,F,2018-07-06
83,Cole,Johnson,2004-10-13,cole.johnson@example.com,695.940.6389x410,East Ruth,Peru,F,2016-02-03
84,Christina,Barr,1977-01-16,christina.barr@example.com,+1-987-034-6349x258,South Jaime,Greece,M,2014-04-23
85,Jamie,Ward,1966-08-30,jamie.ward@example.com,(048)153-2057,Lake Garyburgh,Macedonia,F,2021-03-01
86,William,Heath,2004-09-11,william.heath@example.com,232-543-1947x40714,West Wesley,Guatemala,M,2013-10-07
87,Tammy,Jones,1963-11-23,tammy.jones@example.com,+1-830-551-3696x1320,Myersport,Afghanistan,F,2007-11-05
88,Robert,Sherman,1989-11-07,robert.sherman@example.com,001-217-949-0566x5826,Tiffanyberg,Montenegro,F,2011-12-15
89,Andrew,Griffin,1993-12-27,andrew.griffin@example.com,157-297-4498x65700,Thompsonfort,Jamaica,M,2016-01-14
90,Heather,Suarez,1967-02-26,heather.suarez@example.com,001-317-119-0785x736,New Andrewview,Sri Lanka,F,2004-11-26
91,Joshua,Lopez,1997-08-07,joshua.lopez@example.com,+1-487-869-5706,Adriennehaven,Ukraine,M,2014-01-02
92,Stacy,Nash,1961-10-10,stacy.nash@example.com,+1-921-830-9333x213,Lake Jason,Turks and Caicos Islands,F,2020-01-10
93,Madeline,Ferguson,1994-12-02,madeline.ferguson@example.com,436-018-8254x66269,Port Jennifer,Liechtenstein,F,2011-11-14
94,Matthew,Williamson,1998-01-11,matthew.williamson@example.com,7594977021,Hubbardmouth,Gibraltar,M,2022-07-22
95,Amy,Crawford,1981-01-25,amy.crawford@example.com,271.338.0690,Lake Roseborough,Nigeria,M,2005-12-08
96,Jose,Tate,1961-07-26,jose.tate@example.com,001-441-321-0099x30848,New Matthewchester,Albania,M,2017-03-12
97,Sean,Davis,1987-02-20,sean.davis@example.com,506.793.7672x24934,Port Shannon,Timor-Leste,M,2015-01-05
98,Sheila,Salazar,1989-01-02,sheila.salazar@example.com,264-229-0146,North Edwardhaven,Yemen,M,2016-07-20
99,William,Bishop,2002-08-17,william.bishop@example.com,001-880-844-5052x10314,Katherineland,Lao People's Democratic Republic,F,2010-12-26
100,Victoria,Bailey,1962-10-18,victoria.bailey@example.com,+1-975-853-5792x78042,Floresbury,Burkina Faso,F,2012-04-05
